Song,Writer(s),Original release,Year,Ref(s)
"""Absolutely Sweet Marie"" (live)",Bob Dylan,Bob Dylan – The 30th Anniversary Concert Celebration,1993,[57]
"""All Things Must Pass""",George Harrison,All Things Must Pass,1970,[58]
"""All Those Years Ago""",George Harrison,Somewhere in England,1981,[59]
"""Almost Shankara""",George Harrison,Wonderwall Music (2014 remaster),2014,[60]
"""The Answer's at the End""",George Harrison,Extra Texture (Read All About It),1975,[61]
"""Any Road""",George Harrison,Brainwashed,2002,[62]
"""Apple Scruffs""",George Harrison,All Things Must Pass,1970,[58]
"""Art of Dying""",George Harrison,All Things Must Pass,1970,[58]
"""Awaiting on You All""",George Harrison,All Things Must Pass,1970,[58]
"""Baby Don't Run Away""",George Harrison,Gone Troppo,1982,[63]
"""Ballad of Sir Frankie Crisp (Let It Roll)""",George Harrison,All Things Must Pass,1970,[58]
"""Baltimore Oriole""",Hoagy Carmichael,Somewhere in England,1981,[59]
"""Bangla Desh""",George Harrison,Non-album single,1971,[64]
"""Be Here Now""",George Harrison,Living in the Material World,1973,[65]
"""Beautiful Girl""",George Harrison,Thirty Three & 1/3,1976,[66]
"""Behind That Locked Door""",George Harrison,All Things Must Pass,1970,[58]
"""Between the Devil and the Deep Blue Sea""",Harold ArlenTed Koehler,Brainwashed,2002,[62]
"""Beware of Darkness""",George Harrison,All Things Must Pass,1970,[58]
"""A Bit More of You""",George Harrison,Extra Texture (Read All About It),1975,[61]
"""Blood from a Clone""",George Harrison,Somewhere in England,1981,[59]
"""Blow Away""",George Harrison,George Harrison,1979,[67]
"""Brainwashed""",George Harrison,Brainwashed,2002,[62]
"""Breath Away from Heaven""",George Harrison,Cloud Nine,1987,[68]
"""Bye Bye, Love""",Felice BryantBoudleaux BryantGeorge Harrison,Dark Horse,1974,[69]
"""Can't Stop Thinking About You""",George Harrison,Extra Texture (Read All About It),1975,[61]
"""Cheer Down""",George HarrisonTom Petty,Lethal Weapon 2 (soundtrack),1989,[70]
"""Circles""",George Harrison,Gone Troppo,1982,[63]
"""Cloud 9""",George Harrison,Cloud Nine,1987,[68]
"""Cockamamie Business""",George Harrison,Best of Dark Horse 1976–1989,1989,[71]
"""Cowboy Music""",George Harrison,Wonderwall Music,1968,[72]
"""Crackerbox Palace""",George Harrison,Thirty Three & 1/3,1976,[66]
"""Crying""",George Harrison,Wonderwall Music,1968,[72]
"""Dark Horse""",George Harrison,Dark Horse,1974,[69]
"""Dark Sweet Lady""",George Harrison,George Harrison,1979,[67]
"""The Day the World Gets 'Round""",George Harrison,Living in the Material World,1973,[65]
"""Dear One""",George Harrison,Thirty Three & 1/3,1976,[66]
"""Deep Blue""",George Harrison,"Non-album singleB-side of ""Bangla Desh""",1971,[64]
"""Devil's Radio""",George Harrison,Cloud Nine,1987,[68]
"""Ding Dong, Ding Dong""",George Harrison,Dark Horse,1974,[69]
"""Don't Let Me Wait Too Long""",George Harrison,Living in the Material World,1973,[65]
"""Dream Away""",George Harrison,Gone Troppo,1982,[63]
"""Dream Scene""",George Harrison,Wonderwall Music,1968,[72]
"""Drilling a Home""",George Harrison,Wonderwall Music,1968,[72]
"""Fantasy Sequins""",George Harrison,Wonderwall Music,1968,[72]
"""Far East Man""",George Harrison,Dark Horse,1974,[69]
"""Faster""",George Harrison,George Harrison,1979,[67]
"""Fish on the Sand""",George Harrison,Cloud Nine,1987,[68]
"""Flying Hour"" (remix)",George HarrisonMick Ralphs,Songs by George Harrison,1988,[73]
"""For You Blue""[a] (live)",George Harrison,Songs by George Harrison,1988,[73]
"""Gat Kirwani""",George Harrison,Wonderwall Music,1968,[72]
"""Give Me Love (Give Me Peace on Earth)""",George Harrison,Living in the Material World,1973,[65]
"""Glass Box""",George Harrison,Wonderwall Music,1968,[72]
"""Gone Troppo""",George Harrison,Gone Troppo,1982,[63]
"""Got My Mind Set on You""",Rudy Clark,Cloud Nine,1987,[68]
"""Greasy Legs""",George Harrison,Wonderwall Music,1968,[72]
"""Greece""",George Harrison,Gone Troppo,1982,[63]
"""Grey Cloudy Lies""",George Harrison,Extra Texture (Read All About It),1975,[61]
"""Guru Vandana""",George Harrison,Wonderwall Music,1968,[72]
"""Hari's on Tour (Express)""",George Harrison,Dark Horse,1974,[69]
"""Hear Me Lord""",George Harrison,All Things Must Pass,1970,[58]
"""Here Comes the Sun""[a] (live)",George Harrison,The Concert for Bangladesh,1971,[74]
"""Here Comes the Moon""",George Harrison,George Harrison,1979,[67]
"""His Name Is Legs (Ladies and Gentlemen)""[b]",George Harrison,Extra Texture (Read All About It),1975,[61]
"""Hong Kong Blues""",Hoagy Carmichael,Somewhere in England,1981,[59]
"""Horse to the Water""(with Jools Holland)",George HarrisonDhani Harrison,Small World Big Band,2001,[75]
"""Hottest Gong in Town""",George Harrison,Songs by George Harrison 2,1992,[76]
"""I Dig Love""",George Harrison,All Things Must Pass,1970,[58]
"""I Don't Care Anymore""",George Harrison,"Non-album singleB-side of ""Dark Horse"" (US) and""Ding Dong, Ding Dong"" (UK)",1974,[77][78]
"""I Don't Want to Do It""",Bob Dylan,Porky's Revenge! (soundtrack),1985,[79]
"""I Live for You""",George Harrison,All Things Must Pass (2001 remaster),2001,[80]
"""I Really Love You""",Leroy Swearingen,Gone Troppo,1982,[63]
"""I Remember Jeep""",George Harrison,All Things Must Pass,1970,[58]
"""I Want to Tell You""[a] (live)",George Harrison,Live in Japan,1992,[81]
"""If I Needed Someone""[a] (live)",George Harrison,Live in Japan,1992,[81]
"""If Not for You""",Bob Dylan,All Things Must Pass,1970,[58]
"""If You Believe""",George HarrisonGary Wright,George Harrison,1979,[67]
"""In the Park""",George Harrison,Wonderwall Music,1968,[72]
"""It Is 'He' (Jai Sri Krishna)""",George Harrison,Dark Horse,1974,[69]
"""Isn't It a Pity""[c]",George Harrison,All Things Must Pass,1970,[58]
"""It's Johnny's Birthday""",George HarrisonBill MartinPhil Coulter,All Things Must Pass,1970,[58]
"""It's What You Value""",George Harrison,Thirty Three & 1/3,1976,[66]
"""I'd Have You Anytime""",George HarrisonBob Dylan,All Things Must Pass,1970,[58]
"""Just for Today""",George Harrison,Cloud Nine,1987,[68]
"""Lay His Head""",George Harrison,"Non-album singleB-side of ""Got My Mind Set on You""",1987,[82]
"""Learning How to Love You""",George Harrison,Thirty Three & 1/3,1976,[66]
"""Let It Be Me"" (demo)",Gilbert BécaudPierre LeroyerManny Kurtz,Early Takes: Volume 1,2012,[83]
"""Let It Down""",George Harrison,All Things Must Pass,1970,[58]
"""Life Itself""",George Harrison,Somewhere in England,1981,[59]
"""The Light That Has Lighted the World""",George Harrison,Living in the Material World,1973,[65]
"""Living in the Material World""",George Harrison,Living in the Material World,1973,[65]
"""Looking for My Life""",George Harrison,Brainwashed,2002,[62]
"""The Lord Loves the One (That Loves the Lord)""",George Harrison,Living in the Material World,1973,[65]
"""Love Comes to Everyone""",George Harrison,George Harrison,1979,[67]
"""Love Scene""",George Harrison,Wonderwall Music,1968,[72]
"""Mama You've Been on My Mind"" (demo)",Bob Dylan,Early Takes: Volume 1,2012,[83]
"""Marwa Blues""",George Harrison,Brainwashed,2002,[62]
"""Māya Love""",George Harrison,Dark Horse,1974,[69]
"""Microbes""",George Harrison,Wonderwall Music,1968,[72]
"""Miss O'Dell""",George Harrison,"Non-album singleB-side of ""Give Me Love (Give Me Peace on Earth)""",1973,[84]
"""Mo""",George Harrison,Mo's Songs,1994,[85]
"""My Sweet Lord""[d]",George Harrison,All Things Must Pass,1970,[58]
"""Mystical One""",George Harrison,Gone Troppo,1982,[63]
"""Never Get Over You""",George Harrison,Brainwashed,2002,[62]
"""No Time or Space""",George Harrison,Electronic Sound,1969,[87]
"""Not Guilty""",George Harrison,George Harrison,1979,[67]
"""Old Brown Shoe""[a] (live)",George Harrison,Live in Japan,1992,[81]
"""On the Bed""",George Harrison,Wonderwall Music,1968,[72]
"""Ooh Baby (You Know That I Love You)""",George Harrison,Extra Texture (Read All About It),1975,[61]
"""Out of the Blue""",George Harrison,All Things Must Pass,1970,[58]
"""P2 Vatican Blues (Last Saturday Night)""",George Harrison,Brainwashed,2002,[62]
"""Party Seacombe""",George Harrison,Wonderwall Music,1968,[72]
"""Piggies""[a] (live)",George Harrison,Live in Japan,1992,[81]
"""Pisces Fish""",George Harrison,Brainwashed,2002,[62]
"""Plug Me In""",George Harrison,All Things Must Pass,1970,[58]
"""Poor Little Girl""",George Harrison,Best of Dark Horse 1976–1989,1989,[71]
"""Pure Smokey""",George Harrison,Thirty Three & 1/3,1976,[66]
"""Red Lady Too""",George Harrison,Wonderwall Music,1968,[72]
"""Ride Rajbun""",George HarrisonDavid English,The Bunbury Tails,1992,[88]
"""Rising Sun""",George Harrison,Brainwashed,2002,[62]
"""Rocking Chair in Hawaii""",George Harrison,Brainwashed,2002,[62]
"""Roll Over Beethoven"" (live)",Chuck Berry,Live in Japan,1992,[81]
"""Run of the Mill""",George Harrison,All Things Must Pass,1970,[58]
"""Run So Far""",George Harrison,Brainwashed,2002,[62]
"""Sat Singing"" (remix)",George Harrison,Songs by George Harrison,1988,[73]
"""Save the World""",George Harrison,Somewhere in England,1981,[59]
"""See Yourself""",George Harrison,Thirty Three & 1/3,1976,[66]
"""Shanghai Surprise""",George Harrison,Non-album promotional single,1986,[89]
"""Simply Shady""",George Harrison,Dark Horse,1974,[69]
"""Singing Om""",George Harrison,Wonderwall Music,1968,[72]
"""Ski-ing""",George Harrison,Wonderwall Music,1968,[72]
"""So Sad""",George Harrison,Dark Horse,1974,[69]
"""Soft-Hearted Hana""",George Harrison,George Harrison,1979,[67]
"""Soft Touch""",George Harrison,George Harrison,1979,[67]
"""Someplace Else""",George Harrison,Cloud Nine,1987,[68]
"""Something""[a] (live)",George Harrison,The Concert for Bangladesh,1971,[74]
"""Sour Milk Sea""(Jackie Lomax)",George Harrison,Non-album single,1968,[90]
"""Stuck Inside a Cloud""",George Harrison,Brainwashed,2002,[62]
"""Sue Me, Sue You Blues""",George Harrison,Living in the Material World,1973,[65]
"""Tabla and Pakavaj""",George Harrison,Wonderwall Music,1968,[72]
"""Taxman""[a] (live)",George Harrison,Live in Japan,1992,[81]
"""Teardrops""",George Harrison,Somewhere in England,1981,[59]
"""Tears of the World""",George Harrison,Songs by George Harrison 2,1992,[76]
"""Thanks for the Pepperoni""",George Harrison,All Things Must Pass,1970,[58]
"""That Is All""",George Harrison,Living in the Material World,1973,[65]
"""That Which I Have Lost""",George Harrison,Somewhere in England,1981,[59]
"""That's the Way It Goes""",George Harrison,Gone Troppo,1982,[63]
"""That's What It Takes""",George HarrisonJeff LynneGary Wright,Cloud Nine,1987,[68]
"""This Guitar (Can't Keep from Crying)""",George Harrison,Extra Texture (Read All About It),1975,[61]
"""This Is Love""",George HarrisonJeff Lynne,Cloud Nine,1987,[68]
"""This Song""",George Harrison,Thirty Three & 1/3,1976,[66]
"""Tired of Midnight Blue""",George Harrison,Extra Texture (Read All About It),1975,[61]
"""True Love""",Cole Porter,Thirty Three & 1/3,1976,[66]
"""Try Some, Buy Some""",George Harrison,Living in the Material World,1971,[65]
"""Unconsciousness Rules""",George Harrison,Somewhere in England,1981,[59]
"""Under the Mersey Wall""",George Harrison,Electronic Sound,1969,[87]
"""Unknown Delight""",George Harrison,Gone Troppo,1982,[63]
"""Wah-Wah""",George Harrison,All Things Must Pass,1970,[58]
"""Wake Up My Love""",George Harrison,Gone Troppo,1982,[63]
"""What Is Life""",George Harrison,All Things Must Pass,1970,[58]
"""When We Was Fab""",George HarrisonJeff Lynne,Cloud Nine,1987,[68]
"""While My Guitar Gently Weeps""[a] (live)",George Harrison,The Concert for Bangladesh,1971,[74]
"""Who Can See It""",George Harrison,Living in the Material World,1973,[65]
"""Woman Don't You Cry for Me""",George Harrison,Thirty Three & 1/3,1976,[66]
"""Wonderwall to Be Here""",George Harrison,Wonderwall Music,1968,[72]
"""World of Stone""",George Harrison,Extra Texture (Read All About It),1975,[61]
"""Wreck of the Hesperus""",George Harrison,Cloud Nine,1987,[68]
"""Writing's on the Wall""",George Harrison,Somewhere in England,1981,[59]
"""You""",George Harrison,Extra Texture (Read All About It),1975,[61]
"""Your Love Is Forever""",George Harrison,George Harrison,1979,[67]
"""Zig Zag""",George HarrisonJeff Lynne,"Non-album singleB-side of ""When We Was Fab""",1988,[91]
